baby products retailer	0	1
baby products retailer	0	9
beauty retailer	0	3
cell phones retailer	2	1
cell phones retailer	2	2
cell phones retailer	3	8
cell phones retailer	7	5
clothing & accessories retailer	0	8
clothing & accessories retailer	2	9
clothing & accessories retailer	5	1
clothing & accessories retailer	5	7
electronics retailer	0	5
electronics retailer	4	3
electronics retailer	9	4
fashion jewelry retailer	9	5
health & personal care retailer	5	9
health & personal care retailer	9	7
cell phones retailer	5	0
cell phones retailer	5	1
cell phones retailer	5	2
cell phones retailer	5	3
cell phones retailer	5	7
cell phones retailer	5	9
home & garden retailer	0	2
home & garden retailer	0	3
home & garden retailer	0	6
home & garden retailer	0	7
home & garden retailer	0	8
home & garden retailer	1	0
home & garden retailer	1	1
home & garden retailer	1	2
home & garden retailer	1	3
home & garden retailer	1	4
home & garden retailer	1	5
home & garden retailer	1	7
home & garden retailer	1	9
home & garden retailer	2	1
home & garden retailer	2	2
home & garden retailer	2	3
home & garden retailer	2	5
home & garden retailer	2	6
home & garden retailer	2	7
home & garden retailer	3	0
home & garden retailer	3	1
home & garden retailer	3	4
home & garden retailer	3	7
home & garden retailer	3	9
home & garden retailer	4	2
home & garden retailer	4	3
home & garden retailer	4	6
home & garden retailer	4	7
home & garden retailer	4	8
home & garden retailer	4	9
home & garden retailer	5	1
home & garden retailer	5	2
home & garden retailer	5	3
home & garden retailer	5	5
home & garden retailer	5	6
home & garden retailer	5	7
home & garden retailer	5	8
home & garden retailer	5	9
home & garden retailer	6	0
home & garden retailer	6	1
home & garden retailer	6	2
home & garden retailer	6	3
home & garden retailer	6	4
home & garden retailer	6	6
home & garden retailer	6	7
home & garden retailer	6	8
home & garden retailer	6	9
home & garden retailer	7	4
home & garden retailer	7	5
home & garden retailer	7	7
home & garden retailer	7	9
home & garden retailer	8	0
home & garden retailer	8	1
home & garden retailer	8	2
home & garden retailer	8	3
home & garden retailer	8	7
home & garden retailer	8	8
home & garden retailer	9	0
home & garden retailer	9	6
home & garden retailer	9	7
home & garden retailer	9	8
home & garden retailer	9	9
luggage & travel accessories retailer	0	0
luggage & travel accessories retailer	0	2
luggage & travel accessories retailer	0	3
luggage & travel accessories retailer	0	4
luggage & travel accessories retailer	0	6
luggage & travel accessories retailer	0	7
luggage & travel accessories retailer	0	8
luggage & travel accessories retailer	0	9
luggage & travel accessories retailer	1	0
luggage & travel accessories retailer	1	2
luggage & travel accessories retailer	1	3
luggage & travel accessories retailer	1	5
luggage & travel accessories retailer	1	6
luggage & travel accessories retailer	1	7
luggage & travel accessories retailer	1	8
luggage & travel accessories retailer	1	9
luggage & travel accessories retailer	2	0
luggage & travel accessories retailer	2	1
luggage & travel accessories retailer	2	2
luggage & travel accessories retailer	2	3
luggage & travel accessories retailer	2	5
luggage & travel accessories retailer	2	6
luggage & travel accessories retailer	2	7
luggage & travel accessories retailer	2	8
luggage & travel accessories retailer	2	9
luggage & travel accessories retailer	3	0
luggage & travel accessories retailer	3	1
luggage & travel accessories retailer	3	2
luggage & travel accessories retailer	3	3
luggage & travel accessories retailer	3	6
luggage & travel accessories retailer	4	1
luggage & travel accessories retailer	4	3
luggage & travel accessories retailer	4	4
luggage & travel accessories retailer	4	5
luggage & travel accessories retailer	4	6
luggage & travel accessories retailer	4	9
luggage & travel accessories retailer	5	5
luggage & travel accessories retailer	5	6
luggage & travel accessories retailer	5	7
luggage & travel accessories retailer	5	8
luggage & travel accessories retailer	6	0
luggage & travel accessories retailer	6	2
luggage & travel accessories retailer	6	3
luggage & travel accessories retailer	6	4
luggage & travel accessories retailer	6	5
luggage & travel accessories retailer	6	6
luggage & travel accessories retailer	6	7
luggage & travel accessories retailer	6	8
luggage & travel accessories retailer	6	9
luggage & travel accessories retailer	7	0
luggage & travel accessories retailer	7	1
luggage & travel accessories retailer	7	2
luggage & travel accessories retailer	7	3
luggage & travel accessories retailer	7	4
luggage & travel accessories retailer	7	5
luggage & travel accessories retailer	7	6
luggage & travel accessories retailer	7	7
luggage & travel accessories retailer	7	9
luggage & travel accessories retailer	8	0
luggage & travel accessories retailer	8	1
luggage & travel accessories retailer	8	3
luggage & travel accessories retailer	8	4
luggage & travel accessories retailer	8	6
luggage & travel accessories retailer	8	7
luggage & travel accessories retailer	8	8
luggage & travel accessories retailer	8	9
luggage & travel accessories retailer	9	0
luggage & travel accessories retailer	9	1
luggage & travel accessories retailer	9	2
luggage & travel accessories retailer	9	3
luggage & travel accessories retailer	9	4
luggage & travel accessories retailer	9	5
luggage & travel accessories retailer	9	7
luggage & travel accessories retailer	9	9
musical instruments retailer	0	1
musical instruments retailer	0	3
musical instruments retailer	0	4
musical instruments retailer	0	5
musical instruments retailer	0	6
musical instruments retailer	0	7
musical instruments retailer	0	8
musical instruments retailer	0	9
musical instruments retailer	1	0
musical instruments retailer	1	1
musical instruments retailer	1	2
musical instruments retailer	1	3
musical instruments retailer	1	4
musical instruments retailer	1	5
musical instruments retailer	1	6
musical instruments retailer	1	7
musical instruments retailer	1	8
musical instruments retailer	2	0
musical instruments retailer	2	2
musical instruments retailer	2	6
musical instruments retailer	2	7
musical instruments retailer	2	8
musical instruments retailer	2	9
musical instruments retailer	3	0
musical instruments retailer	3	1
musical instruments retailer	3	2
musical instruments retailer	3	3
musical instruments retailer	3	4
musical instruments retailer	3	5
musical instruments retailer	3	6
musical instruments retailer	3	7
musical instruments retailer	3	9
musical instruments retailer	4	0
musical instruments retailer	4	1
musical instruments retailer	4	2
musical instruments retailer	4	3
musical instruments retailer	4	4
musical instruments retailer	4	5
musical instruments retailer	4	6
musical instruments retailer	4	7
musical instruments retailer	4	8
musical instruments retailer	4	9
musical instruments retailer	5	0
musical instruments retailer	5	1
musical instruments retailer	5	2
musical instruments retailer	5	3
musical instruments retailer	5	4
musical instruments retailer	5	5
musical instruments retailer	5	6
musical instruments retailer	5	8
musical instruments retailer	5	9
musical instruments retailer	6	2
musical instruments retailer	6	3
musical instruments retailer	6	4
musical instruments retailer	6	5
musical instruments retailer	6	6
musical instruments retailer	6	7
musical instruments retailer	6	8
musical instruments retailer	6	9
musical instruments retailer	7	0
musical instruments retailer	7	1
musical instruments retailer	7	2
musical instruments retailer	7	3
musical instruments retailer	7	4
musical instruments retailer	7	5
musical instruments retailer	7	6
musical instruments retailer	7	7
musical instruments retailer	7	9
musical instruments retailer	8	0
musical instruments retailer	8	2
musical instruments retailer	8	3
musical instruments retailer	8	4
musical instruments retailer	8	7
musical instruments retailer	8	8
musical instruments retailer	8	9
musical instruments retailer	9	0
musical instruments retailer	9	1
musical instruments retailer	9	2
musical instruments retailer	9	3
musical instruments retailer	9	4
musical instruments retailer	9	5
musical instruments retailer	9	6
musical instruments retailer	9	7
musical instruments retailer	9	8
musical instruments retailer	9	9
office products retailer	0	0
office products retailer	0	2
office products retailer	0	3
office products retailer	0	4
office products retailer	0	7
office products retailer	0	8
office products retailer	1	0
office products retailer	1	4
office products retailer	1	5
office products retailer	1	9
office products retailer	2	0
office products retailer	2	1
office products retailer	2	2
office products retailer	2	3
office products retailer	2	5
office products retailer	2	6
office products retailer	2	7
office products retailer	2	8
office products retailer	2	9
office products retailer	3	2
office products retailer	3	4
office products retailer	3	5
office products retailer	3	6
office products retailer	3	7
office products retailer	3	8
office products retailer	4	1
office products retailer	4	2
office products retailer	4	3
office products retailer	4	4
office products retailer	4	5
office products retailer	4	6
office products retailer	4	7
office products retailer	4	8
office products retailer	4	9
office products retailer	5	0
office products retailer	5	2
office products retailer	5	3
office products retailer	5	5
office products retailer	5	7
office products retailer	5	9
office products retailer	6	1
office products retailer	6	2
office products retailer	6	3
office products retailer	6	4
office products retailer	6	7
office products retailer	6	8
office products retailer	6	9
office products retailer	7	0
office products retailer	7	1
office products retailer	7	2
office products retailer	7	3
office products retailer	7	4
office products retailer	7	5
office products retailer	7	6
office products retailer	7	7
office products retailer	7	8
office products retailer	8	4
office products retailer	8	5
office products retailer	8	6
office products retailer	8	8
office products retailer	9	0
office products retailer	9	1
office products retailer	9	2
office products retailer	9	3
office products retailer	9	4
office products retailer	9	5
office products retailer	9	6
office products retailer	9	8
office products retailer	9	9
appliances retailer	0	2
appliances retailer	0	3
appliances retailer	0	4
appliances retailer	0	5
appliances retailer	0	6
appliances retailer	0	7
appliances retailer	0	9
appliances retailer	1	1
appliances retailer	1	2
appliances retailer	1	3
appliances retailer	1	4
appliances retailer	1	5
appliances retailer	1	7
appliances retailer	1	9
appliances retailer	2	0
appliances retailer	2	1
appliances retailer	2	5
appliances retailer	2	6
appliances retailer	2	9
appliances retailer	3	8
appliances retailer	3	9
appliances retailer	4	4
appliances retailer	4	6
appliances retailer	4	7
appliances retailer	5	1
appliances retailer	5	4
appliances retailer	5	5
appliances retailer	5	6
appliances retailer	5	7
appliances retailer	5	8
appliances retailer	5	9
appliances retailer	6	0
appliances retailer	6	1
appliances retailer	6	2
appliances retailer	6	3
appliances retailer	6	4
appliances retailer	6	6
appliances retailer	6	7
appliances retailer	6	8
appliances retailer	7	0
appliances retailer	7	1
appliances retailer	7	2
appliances retailer	7	4
appliances retailer	7	6
appliances retailer	7	7
appliances retailer	7	9
appliances retailer	8	0
appliances retailer	8	2
appliances retailer	8	5
appliances retailer	8	7
appliances retailer	8	9
appliances retailer	9	2
appliances retailer	9	3
appliances retailer	9	4
appliances retailer	9	7
appliances retailer	9	8
appliances retailer	9	9
arts, crafts & sewing retailer	0	0
arts, crafts & sewing retailer	0	5
arts, crafts & sewing retailer	0	7
arts, crafts & sewing retailer	0	8
arts, crafts & sewing retailer	0	9
arts, crafts & sewing retailer	1	1
arts, crafts & sewing retailer	1	3
arts, crafts & sewing retailer	1	5
arts, crafts & sewing retailer	1	6
arts, crafts & sewing retailer	1	7
arts, crafts & sewing retailer	1	8
arts, crafts & sewing retailer	1	9
arts, crafts & sewing retailer	2	2
arts, crafts & sewing retailer	2	3
arts, crafts & sewing retailer	2	5
arts, crafts & sewing retailer	2	6
arts, crafts & sewing retailer	2	7
arts, crafts & sewing retailer	2	8
arts, crafts & sewing retailer	2	9
arts, crafts & sewing retailer	3	0
arts, crafts & sewing retailer	3	1
arts, crafts & sewing retailer	3	2
arts, crafts & sewing retailer	3	3
arts, crafts & sewing retailer	3	5
arts, crafts & sewing retailer	3	6
arts, crafts & sewing retailer	3	7
arts, crafts & sewing retailer	3	8
arts, crafts & sewing retailer	3	9
arts, crafts & sewing retailer	4	0
arts, crafts & sewing retailer	4	1
arts, crafts & sewing retailer	4	2
arts, crafts & sewing retailer	4	4
arts, crafts & sewing retailer	4	5
arts, crafts & sewing retailer	4	6
arts, crafts & sewing retailer	4	7
arts, crafts & sewing retailer	4	8
arts, crafts & sewing retailer	4	9
arts, crafts & sewing retailer	5	2
arts, crafts & sewing retailer	5	3
arts, crafts & sewing retailer	5	4
arts, crafts & sewing retailer	5	5
arts, crafts & sewing retailer	5	6
arts, crafts & sewing retailer	5	7
arts, crafts & sewing retailer	5	8
arts, crafts & sewing retailer	5	9
arts, crafts & sewing retailer	6	1
arts, crafts & sewing retailer	6	2
arts, crafts & sewing retailer	6	3
arts, crafts & sewing retailer	6	4
arts, crafts & sewing retailer	6	5
arts, crafts & sewing retailer	6	6
arts, crafts & sewing retailer	6	7
arts, crafts & sewing retailer	6	8
arts, crafts & sewing retailer	7	0
arts, crafts & sewing retailer	7	1
arts, crafts & sewing retailer	7	3
arts, crafts & sewing retailer	7	4
arts, crafts & sewing retailer	7	5
arts, crafts & sewing retailer	7	6
arts, crafts & sewing retailer	7	7
arts, crafts & sewing retailer	7	9
arts, crafts & sewing retailer	8	3
arts, crafts & sewing retailer	8	4
arts, crafts & sewing retailer	8	6
arts, crafts & sewing retailer	8	7
arts, crafts & sewing retailer	8	8
arts, crafts & sewing retailer	9	0
arts, crafts & sewing retailer	9	1
arts, crafts & sewing retailer	9	2
arts, crafts & sewing retailer	9	3
arts, crafts & sewing retailer	9	4
arts, crafts & sewing retailer	9	5
arts, crafts & sewing retailer	9	6
arts, crafts & sewing retailer	9	7
arts, crafts & sewing retailer	9	8
arts, crafts & sewing retailer	9	9
automotive retailer	0	0
automotive retailer	0	2
automotive retailer	0	3
automotive retailer	0	4
automotive retailer	0	6
automotive retailer	0	7
automotive retailer	0	8
automotive retailer	0	9
automotive retailer	1	1
automotive retailer	1	2
automotive retailer	1	6
automotive retailer	1	7
automotive retailer	1	9
automotive retailer	2	0
automotive retailer	2	2
automotive retailer	2	4
automotive retailer	2	5
automotive retailer	2	6
automotive retailer	2	7
automotive retailer	2	8
automotive retailer	3	1
automotive retailer	3	2
automotive retailer	3	3
automotive retailer	3	5
automotive retailer	3	6
automotive retailer	3	7
automotive retailer	3	9
automotive retailer	4	0
automotive retailer	4	1
automotive retailer	4	4
automotive retailer	4	6
automotive retailer	4	7
automotive retailer	4	8
automotive retailer	5	0
automotive retailer	5	1
automotive retailer	5	3
automotive retailer	5	6
automotive retailer	5	8
automotive retailer	6	0
automotive retailer	6	2
automotive retailer	6	3
automotive retailer	6	6
automotive retailer	6	7
automotive retailer	6	9
automotive retailer	7	0
automotive retailer	7	1
automotive retailer	7	2
automotive retailer	7	3
automotive retailer	7	6
automotive retailer	7	7
automotive retailer	7	8
automotive retailer	7	9
automotive retailer	8	0
automotive retailer	8	1
